permalink,title,meta-description,meta-keywords,h1,h2,nagivation,template
index,Learn how to use Entity Framework Dynamic Filters with Tutorials & Examples.,Learn how to use Entity Framework Dynamic Filters with Tutorials & Examples.,,,,,full
/404.html,Page Moved,Page Moved,,Page Moved,,,container-h1
download,Download,Download,,Download,,no,full-h1
contact-us,Contact Us,Contact Us,,Contact Us,,no,full-h1
tutorials,Tutorials,Tutorials,,Tutorials,,,container-h1
overview,Overview,Overview,,Overview,,,
requirements,Requirements,Requirements,,Requirements,,,
installing,Installing,Installing,,Installing,,,
upgrading,Upgrading,Upgrading,,Upgrading,,,
api,API,API,,API,,,
faq,FAQ,FAQ,,FAQ,,,
problems,Problems,Problems,,Problems,,,
